{
  "name": "api",
  "version": false,
  "ambientDependencies": {
    "express": "registry:dt/express#4.0.0+20160218233549",
    "express-serve-static-core": "registry:dt/express-serve-static-core#0.0.0+20160218233549",
    "node": "registry:dt/node#4.0.0+20160311162451",
    "request": "registry:dt/request#0.0.0+20160311134650",
    "require": "github:DefinitelyTyped/DefinitelyTyped/requirejs/require.d.ts#0423c27df4caeffc6f05f04d26e694646e854c3d",
    "serve-static": "registry:dt/serve-static#0.0.0+20160218233549"
  }
}
